"REPORT_DAT","num_crime","Crime_rate"
"2016/01/01",65,446.27375
"2016/01/02",95,652.24625
"2016/01/03",100,686.575
"2016/01/04",97,665.97775
"2016/01/05",102,700.3065
"2016/01/06",90,617.9175
"2016/01/07",83,569.85725
"2016/01/08",110,755.2325
"2016/01/09",99,679.70925
"2016/01/10",79,542.39425
"2016/01/11",110,755.2325
"2016/01/12",105,720.90375
"2016/01/13",101,693.44075
"2016/01/14",95,652.24625
"2016/01/15",119,817.02425
"2016/01/16",120,823.89
"2016/01/17",82,562.9915
"2016/01/18",74,508.0655
"2016/01/19",80,549.26
"2016/01/20",91,624.78325
"2016/01/21",74,508.0655
"2016/01/22",72,494.334
"2016/01/23",30,205.9725
"2016/01/24",36,247.167
"2016/01/25",34,233.4355
"2016/01/26",52,357.019
"2016/01/27",59,405.07925
"2016/01/28",69,473.73675
"2016/01/29",92,631.649
"2016/01/30",84,576.723
"2016/01/31",90,617.9175
"2016/02/01",83,569.85725
"2016/02/02",88,604.186
"2016/02/03",112,768.964
"2016/02/04",69,473.73675
"2016/02/05",76,521.797
"2016/02/06",87,597.32025
"2016/02/07",82,562.9915
"2016/02/08",86,590.4545
"2016/02/09",95,652.24625
"2016/02/10",94,645.3805
"2016/02/11",73,501.19975
"2016/02/12",79,542.39425
"2016/02/13",57,391.34775
"2016/02/14",52,357.019
"2016/02/15",49,336.42175
"2016/02/16",75,514.93125
"2016/02/17",81,556.12575
"2016/02/18",90,617.9175
"2016/02/19",84,576.723
"2016/02/20",69,473.73675
"2016/02/21",84,576.723
"2016/02/22",96,659.112
"2016/02/23",88,604.186
"2016/02/24",99,679.70925
"2016/02/25",97,665.97775
"2016/02/26",97,665.97775
"2016/02/27",97,665.97775
"2016/02/28",76,521.797
"2016/02/29",82,562.9915
"2016/03/01",91,624.78325
"2016/03/02",115,789.56125
"2016/03/03",98,672.8435
"2016/03/04",74,508.0655
"2016/03/05",82,562.9915
"2016/03/06",70,480.6025
"2016/03/07",84,576.723
"2016/03/08",107,734.63525
"2016/03/09",88,604.186
"2016/03/10",77,528.66275
"2016/03/11",79,542.39425
"2016/03/12",80,549.26
"2016/03/13",82,562.9915
"2016/03/14",91,624.78325
"2016/03/15",85,583.58875
"2016/03/16",108,741.501
"2016/03/17",94,645.3805
"2016/03/18",109,748.36675
"2016/03/19",94,645.3805
"2016/03/20",85,583.58875
"2016/03/21",88,604.186
"2016/03/22",98,672.8435
"2016/03/23",101,693.44075
"2016/03/24",88,604.186
"2016/03/25",112,768.964
"2016/03/26",112,768.964
"2016/03/27",88,604.186
"2016/03/28",112,768.964
"2016/03/29",98,672.8435
"2016/03/30",119,817.02425
"2016/03/31",104,714.038
"2016/04/01",95,652.24625
"2016/04/02",106,727.7695
"2016/04/03",95,652.24625
"2016/04/04",97,665.97775
"2016/04/05",76,521.797
"2016/04/06",68,466.871
"2016/04/07",82,562.9915
"2016/04/08",97,665.97775
"2016/04/09",90,617.9175
"2016/04/10",101,693.44075
"2016/04/11",69,473.73675
"2016/04/12",105,720.90375
"2016/04/13",107,734.63525
"2016/04/14",93,638.51475
"2016/04/15",97,665.97775
"2016/04/16",118,810.1585
"2016/04/17",90,617.9175
"2016/04/18",99,679.70925
"2016/04/19",134,920.0105
"2016/04/20",113,775.82975
"2016/04/21",104,714.038
"2016/04/22",103,707.17225
"2016/04/23",98,672.8435
"2016/04/24",88,604.186
"2016/04/25",93,638.51475
"2016/04/26",111,762.09825
"2016/04/27",108,741.501
"2016/04/28",102,700.3065
"2016/04/29",93,638.51475
"2016/04/30",77,528.66275
"2016/05/01",89,611.05175
"2016/05/02",93,638.51475
"2016/05/03",97,665.97775
"2016/05/04",115,789.56125
"2016/05/05",97,665.97775
"2016/05/06",120,823.89
"2016/05/07",86,590.4545
"2016/05/08",89,611.05175
"2016/05/09",113,775.82975
"2016/05/10",99,679.70925
"2016/05/11",93,638.51475
"2016/05/12",105,720.90375
"2016/05/13",125,858.21875
"2016/05/14",121,830.75575
"2016/05/15",101,693.44075
"2016/05/16",125,858.21875
"2016/05/17",110,755.2325
"2016/05/18",99,679.70925
"2016/05/19",115,789.56125
"2016/05/20",112,768.964
"2016/05/21",101,693.44075
"2016/05/22",119,817.02425
"2016/05/23",119,817.02425
"2016/05/24",123,844.48725
"2016/05/25",117,803.29275
"2016/05/26",117,803.29275
"2016/05/27",111,762.09825
"2016/05/28",85,583.58875
"2016/05/29",93,638.51475
"2016/05/30",117,803.29275
"2016/05/31",131,899.41325
"2016/06/01",101,693.44075
"2016/06/02",108,741.501
"2016/06/03",101,693.44075
"2016/06/04",101,693.44075
"2016/06/05",85,583.58875
"2016/06/06",103,707.17225
"2016/06/07",112,768.964
"2016/06/08",86,590.4545
"2016/06/09",120,823.89
"2016/06/10",132,906.279
"2016/06/11",111,762.09825
"2016/06/12",113,775.82975
"2016/06/13",120,823.89
"2016/06/14",112,768.964
"2016/06/15",128,878.816
"2016/06/16",112,768.964
"2016/06/17",143,981.80225
"2016/06/18",114,782.6955
"2016/06/19",115,789.56125
"2016/06/20",86,590.4545
"2016/06/21",137,940.60775
"2016/06/22",145,995.53375
"2016/06/23",125,858.21875
"2016/06/24",130,892.5475
"2016/06/25",106,727.7695
"2016/06/26",109,748.36675
"2016/06/27",119,817.02425
"2016/06/28",126,865.0845
"2016/06/29",102,700.3065
"2016/06/30",131,899.41325
"2016/07/01",115,789.56125
"2016/07/02",118,810.1585
"2016/07/03",89,611.05175
"2016/07/04",86,590.4545
"2016/07/05",108,741.501
"2016/07/06",116,796.427
"2016/07/07",112,768.964
"2016/07/08",95,652.24625
"2016/07/09",103,707.17225
"2016/07/10",81,556.12575
"2016/07/11",140,961.205
"2016/07/12",108,741.501
"2016/07/13",119,817.02425
"2016/07/14",116,796.427
"2016/07/15",113,775.82975
"2016/07/16",116,796.427
"2016/07/17",101,693.44075
"2016/07/18",114,782.6955
"2016/07/19",124,851.353
"2016/07/20",108,741.501
"2016/07/21",141,968.07075
"2016/07/22",110,755.2325
"2016/07/23",126,865.0845
"2016/07/24",108,741.501
"2016/07/25",102,700.3065
"2016/07/26",133,913.14475
"2016/07/27",105,720.90375
"2016/07/28",90,617.9175
"2016/07/29",95,652.24625
"2016/07/30",136,933.742
"2016/07/31",115,789.56125
"2016/08/01",102,700.3065
"2016/08/02",102,700.3065
"2016/08/03",99,679.70925
"2016/08/04",94,645.3805
"2016/08/05",106,727.7695
"2016/08/06",77,528.66275
"2016/08/07",87,597.32025
"2016/08/08",117,803.29275
"2016/08/09",98,672.8435
"2016/08/10",87,597.32025
"2016/08/11",96,659.112
"2016/08/12",102,700.3065
"2016/08/13",90,617.9175
"2016/08/14",96,659.112
"2016/08/15",101,693.44075
"2016/08/16",95,652.24625
"2016/08/17",127,871.95025
"2016/08/18",107,734.63525
"2016/08/19",104,714.038
"2016/08/20",93,638.51475
"2016/08/21",105,720.90375
"2016/08/22",115,789.56125
"2016/08/23",122,837.6215
"2016/08/24",97,665.97775
"2016/08/25",113,775.82975
"2016/08/26",122,837.6215
"2016/08/27",128,878.816
"2016/08/28",105,720.90375
"2016/08/29",110,755.2325
"2016/08/30",116,796.427
"2016/08/31",106,727.7695
"2016/09/01",95,652.24625
"2016/09/02",92,631.649
"2016/09/03",91,624.78325
"2016/09/04",101,693.44075
"2016/09/05",99,679.70925
"2016/09/06",105,720.90375
"2016/09/07",115,789.56125
"2016/09/08",97,665.97775
"2016/09/09",99,679.70925
"2016/09/10",117,803.29275
"2016/09/11",107,734.63525
"2016/09/12",93,638.51475
"2016/09/13",124,851.353
"2016/09/14",73,501.19975
"2016/09/15",103,707.17225
"2016/09/16",112,768.964
"2016/09/17",136,933.742
"2016/09/18",116,796.427
"2016/09/19",99,679.70925
"2016/09/20",114,782.6955
"2016/09/21",125,858.21875
"2016/09/22",114,782.6955
"2016/09/23",133,913.14475
"2016/09/24",123,844.48725
"2016/09/25",117,803.29275
"2016/09/26",117,803.29275
"2016/09/27",111,762.09825
"2016/09/28",116,796.427
"2016/09/29",109,748.36675
"2016/09/30",101,693.44075
"2016/10/01",93,638.51475
"2016/10/02",103,707.17225
"2016/10/03",111,762.09825
"2016/10/04",96,659.112
"2016/10/05",115,789.56125
"2016/10/06",118,810.1585
"2016/10/07",99,679.70925
"2016/10/08",93,638.51475
"2016/10/09",113,775.82975
"2016/10/10",94,645.3805
"2016/10/11",109,748.36675
"2016/10/12",98,672.8435
"2016/10/13",95,652.24625
"2016/10/14",98,672.8435
"2016/10/15",119,817.02425
"2016/10/16",129,885.68175
"2016/10/17",126,865.0845
"2016/10/18",127,871.95025
"2016/10/19",108,741.501
"2016/10/20",124,851.353
"2016/10/21",128,878.816
"2016/10/22",131,899.41325
"2016/10/23",109,748.36675
"2016/10/24",124,851.353
"2016/10/25",150,1029.8625
"2016/10/26",104,714.038
"2016/10/27",105,720.90375
"2016/10/28",134,920.0105
"2016/10/29",111,762.09825
"2016/10/30",108,741.501
"2016/10/31",140,961.205
"2016/11/01",126,865.0845
"2016/11/02",110,755.2325
"2016/11/03",86,590.4545
"2016/11/04",88,604.186
"2016/11/05",97,665.97775
"2016/11/06",110,755.2325
"2016/11/07",111,762.09825
"2016/11/08",102,700.3065
"2016/11/09",114,782.6955
"2016/11/10",104,714.038
"2016/11/11",108,741.501
"2016/11/12",80,549.26
"2016/11/13",104,714.038
"2016/11/14",108,741.501
"2016/11/15",105,720.90375
"2016/11/16",93,638.51475
"2016/11/17",93,638.51475
"2016/11/18",89,611.05175
"2016/11/19",118,810.1585
"2016/11/20",104,714.038
"2016/11/21",126,865.0845
"2016/11/22",112,768.964
"2016/11/23",109,748.36675
"2016/11/24",73,501.19975
"2016/11/25",69,473.73675
"2016/11/26",121,830.75575
"2016/11/27",130,892.5475
"2016/11/28",125,858.21875
"2016/11/29",115,789.56125
"2016/11/30",103,707.17225
"2016/12/01",105,720.90375
"2016/12/02",119,817.02425
"2016/12/03",103,707.17225
"2016/12/04",100,686.575
"2016/12/05",85,583.58875
"2016/12/06",113,775.82975
"2016/12/07",98,672.8435
"2016/12/08",89,611.05175
"2016/12/09",88,604.186
"2016/12/10",104,714.038
"2016/12/11",85,583.58875
"2016/12/12",92,631.649
"2016/12/13",107,734.63525
"2016/12/14",113,775.82975
"2016/12/15",127,871.95025
"2016/12/16",102,700.3065
"2016/12/17",108,741.501
"2016/12/18",96,659.112
"2016/12/19",112,768.964
"2016/12/20",103,707.17225
"2016/12/21",108,741.501
"2016/12/22",118,810.1585
"2016/12/23",106,727.7695
"2016/12/24",111,762.09825
"2016/12/25",44,302.093
"2016/12/26",58,398.2135
"2016/12/27",89,611.05175
"2016/12/28",97,665.97775
"2016/12/29",123,844.48725
"2016/12/30",117,803.29275
"2016/12/31",90,617.9175
"2017/01/01",59,410.45769
"2017/01/02",109,758.30319
"2017/01/03",85,591.33735
"2017/01/04",104,723.51864
"2017/01/05",99,688.73409
"2017/01/06",91,633.07881
"2017/01/07",91,633.07881
"2017/01/08",59,410.45769
"2017/01/09",89,619.16499
"2017/01/10",97,674.82027
"2017/01/11",66,459.15606
"2017/01/12",110,765.2601
"2017/01/13",97,674.82027
"2017/01/14",92,640.03572
"2017/01/15",96,667.86336
"2017/01/16",77,535.68207
"2017/01/17",108,751.34628
"2017/01/18",113,786.13083
"2017/01/19",103,716.56173
"2017/01/20",98,681.77718
"2017/01/21",92,640.03572
"2017/01/22",100,695.691
"2017/01/23",71,493.94061
"2017/01/24",116,807.00156
"2017/01/25",122,848.74302
"2017/01/26",119,827.87229
"2017/01/27",126,876.57066
"2017/01/28",118,820.91538
"2017/01/29",100,695.691
"2017/01/30",116,807.00156
"2017/01/31",81,563.50971
"2017/02/01",77,535.68207
"2017/02/02",89,619.16499
"2017/02/03",79,549.59589
"2017/02/04",99,688.73409
"2017/02/05",82,570.46662
"2017/02/06",88,612.20808
"2017/02/07",89,619.16499
"2017/02/08",86,598.29426
"2017/02/09",92,640.03572
"2017/02/10",74,514.81134
"2017/02/11",71,493.94061
"2017/02/12",66,459.15606
"2017/02/13",92,640.03572
"2017/02/14",110,765.2601
"2017/02/15",73,507.85443
"2017/02/16",92,640.03572
"2017/02/17",77,535.68207
"2017/02/18",89,619.16499
"2017/02/19",95,660.90645
"2017/02/20",102,709.60482
"2017/02/21",96,667.86336
"2017/02/22",106,737.43246
"2017/02/23",84,584.38044
"2017/02/24",106,737.43246
"2017/02/25",91,633.07881
"2017/02/26",64,445.24224
"2017/02/27",68,473.06988
"2017/02/28",86,598.29426
"2017/03/01",76,528.72516
"2017/03/02",68,473.06988
"2017/03/03",75,521.76825
"2017/03/04",77,535.68207
"2017/03/05",70,486.9837
"2017/03/06",78,542.63898
"2017/03/07",79,549.59589
"2017/03/08",79,549.59589
"2017/03/09",76,528.72516
"2017/03/10",94,653.94954
"2017/03/11",59,410.45769
"2017/03/12",75,521.76825
"2017/03/13",66,459.15606
"2017/03/14",58,403.50078
"2017/03/15",67,466.11297
"2017/03/16",67,466.11297
"2017/03/17",65,452.19915
"2017/03/18",71,493.94061
"2017/03/19",57,396.54387
"2017/03/20",81,563.50971
"2017/03/21",95,660.90645
"2017/03/22",85,591.33735
"2017/03/23",74,514.81134
"2017/03/24",69,480.02679
"2017/03/25",87,605.25117
"2017/03/26",91,633.07881
"2017/03/27",75,521.76825
"2017/03/28",77,535.68207
"2017/03/29",84,584.38044
"2017/03/30",79,549.59589
"2017/03/31",75,521.76825
"2017/04/01",75,521.76825
"2017/04/02",75,521.76825
"2017/04/03",76,528.72516
"2017/04/04",89,619.16499
"2017/04/05",85,591.33735
"2017/04/06",88,612.20808
"2017/04/07",76,528.72516
"2017/04/08",88,612.20808
"2017/04/09",82,570.46662
"2017/04/10",111,772.21701
"2017/04/11",90,626.1219
"2017/04/12",104,723.51864
"2017/04/13",86,598.29426
"2017/04/14",77,535.68207
"2017/04/15",108,751.34628
"2017/04/16",85,591.33735
"2017/04/17",93,646.99263
"2017/04/18",79,549.59589
"2017/04/19",99,688.73409
"2017/04/20",92,640.03572
"2017/04/21",81,563.50971
"2017/04/22",87,605.25117
"2017/04/23",83,577.42353
"2017/04/24",110,765.2601
"2017/04/25",76,528.72516
"2017/04/26",102,709.60482
"2017/04/27",92,640.03572
"2017/04/28",101,702.64791
"2017/04/29",115,800.04465
"2017/04/30",99,688.73409
"2017/05/01",83,577.42353
"2017/05/02",81,563.50971
"2017/05/03",104,723.51864
"2017/05/04",83,577.42353
"2017/05/05",94,653.94954
"2017/05/06",117,813.95847
"2017/05/07",96,667.86336
"2017/05/08",108,751.34628
"2017/05/09",106,737.43246
"2017/05/10",102,709.60482
"2017/05/11",103,716.56173
"2017/05/12",92,640.03572
"2017/05/13",88,612.20808
"2017/05/14",68,473.06988
"2017/05/15",94,653.94954
"2017/05/16",85,591.33735
"2017/05/17",118,820.91538
"2017/05/18",80,556.5528
"2017/05/19",95,660.90645
"2017/05/20",95,660.90645
"2017/05/21",107,744.38937
"2017/05/22",95,660.90645
"2017/05/23",90,626.1219
"2017/05/24",106,737.43246
"2017/05/25",112,779.17392
"2017/05/26",98,681.77718
"2017/05/27",119,827.87229
"2017/05/28",114,793.08774
"2017/05/29",118,820.91538
"2017/05/30",105,730.47555
"2017/05/31",112,779.17392
"2017/06/01",93,646.99263
"2017/06/02",77,535.68207
"2017/06/03",95,660.90645
"2017/06/04",98,681.77718
"2017/06/05",92,640.03572
"2017/06/06",102,709.60482
"2017/06/07",102,709.60482
"2017/06/08",95,660.90645
"2017/06/09",96,667.86336
"2017/06/10",86,598.29426
"2017/06/11",78,542.63898
"2017/06/12",100,695.691
"2017/06/13",92,640.03572
"2017/06/14",87,605.25117
"2017/06/15",96,667.86336
"2017/06/16",103,716.56173
"2017/06/17",97,674.82027
"2017/06/18",94,653.94954
"2017/06/19",89,619.16499
"2017/06/20",101,702.64791
"2017/06/21",88,612.20808
"2017/06/22",116,807.00156
"2017/06/23",129,897.44139
"2017/06/24",109,758.30319
"2017/06/25",89,619.16499
"2017/06/26",93,646.99263
"2017/06/27",94,653.94954
"2017/06/28",100,695.691
"2017/06/29",106,737.43246
"2017/06/30",73,507.85443
"2017/07/01",84,584.38044
"2017/07/02",83,577.42353
"2017/07/03",114,793.08774
"2017/07/04",93,646.99263
"2017/07/05",89,619.16499
"2017/07/06",94,653.94954
"2017/07/07",90,626.1219
"2017/07/08",99,688.73409
"2017/07/09",96,667.86336
"2017/07/10",90,626.1219
"2017/07/11",104,723.51864
"2017/07/12",105,730.47555
"2017/07/13",102,709.60482
"2017/07/14",107,744.38937
"2017/07/15",95,660.90645
"2017/07/16",85,591.33735
"2017/07/17",93,646.99263
"2017/07/18",92,640.03572
"2017/07/19",98,681.77718
"2017/07/20",81,563.50971
"2017/07/21",93,646.99263
"2017/07/22",82,570.46662
"2017/07/23",87,605.25117
"2017/07/24",93,646.99263
"2017/07/25",76,528.72516
"2017/07/26",88,612.20808
"2017/07/27",87,605.25117
"2017/07/28",87,605.25117
"2017/07/29",72,500.89752
"2017/07/30",112,779.17392
"2017/07/31",111,772.21701
"2017/08/01",104,723.51864
"2017/08/02",95,660.90645
"2017/08/03",73,507.85443
"2017/08/04",87,605.25117
"2017/08/05",90,626.1219
"2017/08/06",89,619.16499
"2017/08/07",102,709.60482
"2017/08/08",99,688.73409
"2017/08/09",74,514.81134
"2017/08/10",88,612.20808
"2017/08/11",75,521.76825
"2017/08/12",95,660.90645
"2017/08/13",84,584.38044
"2017/08/14",76,528.72516
"2017/08/15",100,695.691
"2017/08/16",91,633.07881
"2017/08/17",101,702.64791
"2017/08/18",84,584.38044
"2017/08/19",97,674.82027
"2017/08/20",98,681.77718
"2017/08/21",85,591.33735
"2017/08/22",97,674.82027
"2017/08/23",83,577.42353
"2017/08/24",127,883.52757
"2017/08/25",92,640.03572
"2017/08/26",109,758.30319
"2017/08/27",113,786.13083
"2017/08/28",78,542.63898
"2017/08/29",83,577.42353
"2017/08/30",92,640.03572
"2017/08/31",80,556.5528
"2017/09/01",90,626.1219
"2017/09/02",83,577.42353
"2017/09/03",69,480.02679
"2017/09/04",95,660.90645
"2017/09/05",74,514.81134
"2017/09/06",86,598.29426
"2017/09/07",88,612.20808
"2017/09/08",88,612.20808
"2017/09/09",99,688.73409
"2017/09/10",85,591.33735
"2017/09/11",80,556.5528
"2017/09/12",103,716.56173
"2017/09/13",92,640.03572
"2017/09/14",98,681.77718
"2017/09/15",93,646.99263
"2017/09/16",82,570.46662
"2017/09/17",109,758.30319
"2017/09/18",120,834.8292
"2017/09/19",93,646.99263
"2017/09/20",96,667.86336
"2017/09/21",82,570.46662
"2017/09/22",84,584.38044
"2017/09/23",110,765.2601
"2017/09/24",108,751.34628
"2017/09/25",112,779.17392
"2017/09/26",126,876.57066
"2017/09/27",77,535.68207
"2017/09/28",102,709.60482
"2017/09/29",87,605.25117
"2017/09/30",102,709.60482
"2017/10/01",112,779.17392
"2017/10/02",86,598.29426
"2017/10/03",74,514.81134
"2017/10/04",79,549.59589
"2017/10/05",109,758.30319
"2017/10/06",75,521.76825
"2017/10/07",86,598.29426
"2017/10/08",98,681.77718
"2017/10/09",86,598.29426
"2017/10/10",95,660.90645
"2017/10/11",86,598.29426
"2017/10/12",102,709.60482
"2017/10/13",97,674.82027
"2017/10/14",98,681.77718
"2017/10/15",113,786.13083
"2017/10/16",97,674.82027
"2017/10/17",112,779.17392
"2017/10/18",95,660.90645
"2017/10/19",84,584.38044
"2017/10/20",87,605.25117
"2017/10/21",84,584.38044
"2017/10/22",113,786.13083
"2017/10/23",121,841.78611
"2017/10/24",104,723.51864
"2017/10/25",115,800.04465
"2017/10/26",87,605.25117
"2017/10/27",87,605.25117
"2017/10/28",91,633.07881
"2017/10/29",96,667.86336
"2017/10/30",90,626.1219
"2017/10/31",97,674.82027
"2017/11/01",119,827.87229
"2017/11/02",80,556.5528
"2017/11/03",98,681.77718
"2017/11/04",70,486.9837
"2017/11/05",69,480.02679
"2017/11/06",71,493.94061
"2017/11/07",81,563.50971
"2017/11/08",60,417.4146
"2017/11/09",87,605.25117
"2017/11/10",110,765.2601
"2017/11/11",82,570.46662
"2017/11/12",77,535.68207
"2017/11/13",82,570.46662
"2017/11/14",99,688.73409
"2017/11/15",88,612.20808
"2017/11/16",91,633.07881
"2017/11/17",82,570.46662
"2017/11/18",94,653.94954
"2017/11/19",102,709.60482
"2017/11/20",86,598.29426
"2017/11/21",97,674.82027
"2017/11/22",103,716.56173
"2017/11/23",61,424.37151
"2017/11/24",66,459.15606
"2017/11/25",112,779.17392
"2017/11/26",110,765.2601
"2017/11/27",103,716.56173
"2017/11/28",97,674.82027
"2017/11/29",109,758.30319
"2017/11/30",82,570.46662
"2017/12/01",89,619.16499
"2017/12/02",102,709.60482
"2017/12/03",101,702.64791
"2017/12/04",84,584.38044
"2017/12/05",83,577.42353
"2017/12/06",98,681.77718
"2017/12/07",81,563.50971
"2017/12/08",98,681.77718
"2017/12/09",92,640.03572
"2017/12/10",75,521.76825
"2017/12/11",85,591.33735
"2017/12/12",101,702.64791
"2017/12/13",90,626.1219
"2017/12/14",92,640.03572
"2017/12/15",101,702.64791
"2017/12/16",97,674.82027
"2017/12/17",69,480.02679
"2017/12/18",85,591.33735
"2017/12/19",96,667.86336
"2017/12/20",102,709.60482
"2017/12/21",81,563.50971
"2017/12/22",88,612.20808
"2017/12/23",70,486.9837
"2017/12/24",76,528.72516
"2017/12/25",45,313.06095
"2017/12/26",48,333.93168
"2017/12/27",80,556.5528
"2017/12/28",67,466.11297
"2017/12/29",85,591.33735
"2017/12/30",71,493.94061
"2017/12/31",52,361.75932
"2018/01/01",36,252.8838
"2018/01/02",61,428.49755
"2018/01/03",80,561.964
"2018/01/04",58,407.4239
"2018/01/05",71,498.74305
"2018/01/06",55,386.35025
"2018/01/07",58,407.4239
"2018/01/08",56,393.3748
"2018/01/09",95,667.33225
"2018/01/10",102,716.5041
"2018/01/11",96,674.3568
"2018/01/12",92,646.2586
"2018/01/13",91,639.23405
"2018/01/14",76,533.8658
"2018/01/15",67,470.64485
"2018/01/16",83,583.03765
"2018/01/17",84,590.0622
"2018/01/18",78,547.9149
"2018/01/19",98,688.4059
"2018/01/20",107,751.62685
"2018/01/21",103,723.52865
"2018/01/22",95,667.33225
"2018/01/23",95,667.33225
"2018/01/24",85,597.08675
"2018/01/25",98,688.4059
"2018/01/26",72,505.7676
"2018/01/27",87,611.13585
"2018/01/28",80,561.964
"2018/01/29",82,576.0131
"2018/01/30",102,716.5041
"2018/01/31",69,484.69395
"2018/02/01",67,470.64485
"2018/02/02",75,526.84125
"2018/02/03",71,498.74305
"2018/02/04",64,449.5712
"2018/02/05",67,470.64485
"2018/02/06",83,583.03765
"2018/02/07",67,470.64485
"2018/02/08",87,611.13585
"2018/02/09",78,547.9149
"2018/02/10",86,604.1113
"2018/02/11",71,498.74305
"2018/02/12",72,505.7676
"2018/02/13",79,554.93945
"2018/02/14",78,547.9149
"2018/02/15",85,597.08675
"2018/02/16",77,540.89035
"2018/02/17",94,660.3077
"2018/02/18",62,435.5221
"2018/02/19",63,442.54665
"2018/02/20",91,639.23405
"2018/02/21",101,709.47955
"2018/02/22",79,554.93945
"2018/02/23",75,526.84125
"2018/02/24",79,554.93945
"2018/02/25",73,512.79215
"2018/02/26",93,653.28315
"2018/02/27",80,561.964
"2018/02/28",87,611.13585
"2018/03/01",85,597.08675
"2018/03/02",80,561.964
"2018/03/03",77,540.89035
"2018/03/04",61,428.49755
"2018/03/05",67,470.64485
"2018/03/06",65,456.59575
"2018/03/07",74,519.8167
"2018/03/08",74,519.8167
"2018/03/09",71,498.74305
"2018/03/10",75,526.84125
"2018/03/11",81,568.98855
"2018/03/12",88,618.1604
"2018/03/13",67,470.64485
"2018/03/14",81,568.98855
"2018/03/15",77,540.89035
"2018/03/16",73,512.79215
"2018/03/17",75,526.84125
"2018/03/18",72,505.7676
"2018/03/19",80,561.964
"2018/03/20",96,674.3568
"2018/03/21",59,414.44845
"2018/03/22",59,414.44845
"2018/03/23",73,512.79215
"2018/03/24",83,583.03765
"2018/03/25",73,512.79215
"2018/03/26",77,540.89035
"2018/03/27",69,484.69395
"2018/03/28",85,597.08675
"2018/03/29",85,597.08675
"2018/03/30",81,568.98855
"2018/03/31",74,519.8167
"2018/04/01",79,554.93945
"2018/04/02",69,484.69395
"2018/04/03",92,646.2586
"2018/04/04",89,625.18495
"2018/04/05",71,498.74305
"2018/04/06",83,583.03765
"2018/04/07",87,611.13585
"2018/04/08",63,442.54665
"2018/04/09",90,632.2095
"2018/04/10",82,576.0131
"2018/04/11",60,421.473
"2018/04/12",82,576.0131
"2018/04/13",83,583.03765
"2018/04/14",73,512.79215
"2018/04/15",66,463.6203
"2018/04/16",79,554.93945
"2018/04/17",95,667.33225
"2018/04/18",88,618.1604
"2018/04/19",84,590.0622
"2018/04/20",74,519.8167
"2018/04/21",73,512.79215
"2018/04/22",80,561.964
"2018/04/23",99,695.43045
"2018/04/24",80,561.964
"2018/04/25",83,583.03765
"2018/04/26",75,526.84125
"2018/04/27",80,561.964
"2018/04/28",92,646.2586
"2018/04/29",69,484.69395
"2018/04/30",89,625.18495
"2018/05/01",79,554.93945
"2018/05/02",89,625.18495
"2018/05/03",74,519.8167
"2018/05/04",79,554.93945
"2018/05/05",81,568.98855
"2018/05/06",80,561.964
"2018/05/07",94,660.3077
"2018/05/08",93,653.28315
"2018/05/09",76,533.8658
"2018/05/10",91,639.23405
"2018/05/11",107,751.62685
"2018/05/12",67,470.64485
"2018/05/13",79,554.93945
"2018/05/14",89,625.18495
"2018/05/15",93,653.28315
"2018/05/16",112,786.7496
"2018/05/17",70,491.7185
"2018/05/18",74,519.8167
"2018/05/19",79,554.93945
"2018/05/20",85,597.08675
"2018/05/21",95,667.33225
"2018/05/22",108,758.6514
"2018/05/23",89,625.18495
"2018/05/24",75,526.84125
"2018/05/25",104,730.5532
"2018/05/26",110,772.7005
"2018/05/27",81,568.98855
"2018/05/28",82,576.0131
"2018/05/29",113,793.77415
"2018/05/30",81,568.98855
"2018/05/31",112,786.7496
"2018/06/01",94,660.3077
"2018/06/02",76,533.8658
"2018/06/03",78,547.9149
"2018/06/04",72,505.7676
"2018/06/05",91,639.23405
"2018/06/06",76,533.8658
"2018/06/07",87,611.13585
"2018/06/08",86,604.1113
"2018/06/09",78,547.9149
"2018/06/10",90,632.2095
"2018/06/11",99,695.43045
"2018/06/12",102,716.5041
"2018/06/13",103,723.52865
"2018/06/14",99,695.43045
"2018/06/15",104,730.5532
"2018/06/16",112,786.7496
"2018/06/17",97,681.38135
"2018/06/18",92,646.2586
"2018/06/19",79,554.93945
"2018/06/20",104,730.5532
"2018/06/21",88,618.1604
"2018/06/22",104,730.5532
"2018/06/23",123,864.01965
"2018/06/24",90,632.2095
"2018/06/25",98,688.4059
"2018/06/26",116,814.8478
"2018/06/27",116,814.8478
"2018/06/28",115,807.82325
"2018/06/29",103,723.52865
"2018/06/30",84,590.0622
"2018/07/01",89,625.18495
"2018/07/02",76,533.8658
"2018/07/03",105,737.57775
"2018/07/04",86,604.1113
"2018/07/05",86,604.1113
"2018/07/06",70,491.7185
"2018/07/07",109,765.67595
"2018/07/08",111,779.72505
"2018/07/09",104,730.5532
"2018/07/10",84,590.0622
"2018/07/11",73,512.79215
"2018/07/12",83,583.03765
"2018/07/13",112,786.7496
"2018/07/14",100,702.455
"2018/07/15",110,772.7005
"2018/07/16",119,835.92145
"2018/07/17",118,828.8969
"2018/07/18",90,632.2095
"2018/07/19",114,800.7987
"2018/07/20",116,814.8478
"2018/07/21",92,646.2586
"2018/07/22",88,618.1604
"2018/07/23",108,758.6514
"2018/07/24",122,856.9951
"2018/07/25",104,730.5532
"2018/07/26",101,709.47955
"2018/07/27",136,955.3388
"2018/07/28",114,800.7987
"2018/07/29",123,864.01965
"2018/07/30",98,688.4059
"2018/07/31",103,723.52865
"2018/08/01",113,793.77415
"2018/08/02",76,533.8658
"2018/08/03",95,667.33225
"2018/08/04",115,807.82325
"2018/08/05",90,632.2095
"2018/08/06",94,660.3077
"2018/08/07",114,800.7987
"2018/08/08",95,667.33225
"2018/08/09",98,688.4059
"2018/08/10",82,576.0131
"2018/08/11",108,758.6514
"2018/08/12",99,695.43045
"2018/08/13",114,800.7987
"2018/08/14",102,716.5041
"2018/08/15",129,906.16695
"2018/08/16",126,885.0933
"2018/08/17",109,765.67595
"2018/08/18",126,885.0933
"2018/08/19",122,856.9951
"2018/08/20",103,723.52865
"2018/08/21",120,842.946
"2018/08/22",102,716.5041
"2018/08/23",111,779.72505
"2018/08/24",114,800.7987
"2018/08/25",111,779.72505
"2018/08/26",126,885.0933
"2018/08/27",124,871.0442
"2018/08/28",121,849.97055
"2018/08/29",128,899.1424
"2018/08/30",96,674.3568
"2018/08/31",92,646.2586
"2018/09/01",103,723.52865
"2018/09/02",78,547.9149
"2018/09/03",99,695.43045
"2018/09/04",104,730.5532
"2018/09/05",95,667.33225
"2018/09/06",96,674.3568
"2018/09/07",109,765.67595
"2018/09/08",91,639.23405
"2018/09/09",90,632.2095
"2018/09/10",99,695.43045
"2018/09/11",127,892.11785
"2018/09/12",116,814.8478
"2018/09/13",117,821.87235
"2018/09/14",102,716.5041
"2018/09/15",118,828.8969
"2018/09/16",124,871.0442
"2018/09/17",98,688.4059
"2018/09/18",92,646.2586
"2018/09/19",95,667.33225
"2018/09/20",115,807.82325
"2018/09/21",111,779.72505
"2018/09/22",118,828.8969
"2018/09/23",120,842.946
"2018/09/24",121,849.97055
"2018/09/25",99,695.43045
"2018/09/26",105,737.57775
"2018/09/27",101,709.47955
"2018/09/28",104,730.5532
"2018/09/29",113,793.77415
"2018/09/30",121,849.97055
"2018/10/01",100,702.455
"2018/10/02",106,744.6023
"2018/10/03",93,653.28315
"2018/10/04",78,547.9149
"2018/10/05",95,667.33225
"2018/10/06",128,899.1424
"2018/10/07",106,744.6023
"2018/10/08",117,821.87235
"2018/10/09",140,983.437
"2018/10/10",100,702.455
"2018/10/11",99,695.43045
"2018/10/12",93,653.28315
"2018/10/13",106,744.6023
"2018/10/14",125,878.06875
"2018/10/15",97,681.38135
"2018/10/16",121,849.97055
"2018/10/17",105,737.57775
"2018/10/18",114,800.7987
"2018/10/19",110,772.7005
"2018/10/20",109,765.67595
"2018/10/21",107,751.62685
"2018/10/22",97,681.38135
"2018/10/23",106,744.6023
"2018/10/24",104,730.5532
"2018/10/25",104,730.5532
"2018/10/26",103,723.52865
"2018/10/27",112,786.7496
"2018/10/28",105,737.57775
"2018/10/29",102,716.5041
"2018/10/30",99,695.43045
"2018/10/31",115,807.82325
"2018/11/01",105,737.57775
"2018/11/02",108,758.6514
"2018/11/03",89,625.18495
"2018/11/04",93,653.28315
"2018/11/05",90,632.2095
"2018/11/06",84,590.0622
"2018/11/07",102,716.5041
"2018/11/08",102,716.5041
"2018/11/09",123,864.01965
"2018/11/10",117,821.87235
"2018/11/11",68,477.6694
"2018/11/12",77,540.89035
"2018/11/13",95,667.33225
"2018/11/14",130,913.1915
"2018/11/15",95,667.33225
"2018/11/16",70,491.7185
"2018/11/17",106,744.6023
"2018/11/18",109,765.67595
"2018/11/19",111,779.72505
"2018/11/20",110,772.7005
"2018/11/21",91,639.23405
"2018/11/22",59,414.44845
"2018/11/23",66,463.6203
"2018/11/24",82,576.0131
"2018/11/25",95,667.33225
"2018/11/26",114,800.7987
"2018/11/27",89,625.18495
"2018/11/28",109,765.67595
"2018/11/29",85,597.08675
"2018/11/30",91,639.23405
"2018/12/01",94,660.3077
"2018/12/02",74,519.8167
"2018/12/03",85,597.08675
"2018/12/04",92,646.2586
"2018/12/05",84,590.0622
"2018/12/06",98,688.4059
"2018/12/07",98,688.4059
"2018/12/08",95,667.33225
"2018/12/09",82,576.0131
"2018/12/10",95,667.33225
"2018/12/11",103,723.52865
"2018/12/12",95,667.33225
"2018/12/13",102,716.5041
"2018/12/14",108,758.6514
"2018/12/15",79,554.93945
"2018/12/16",99,695.43045
"2018/12/17",108,758.6514
"2018/12/18",108,758.6514
"2018/12/19",93,653.28315
"2018/12/20",116,814.8478
"2018/12/21",93,653.28315
"2018/12/22",112,786.7496
"2018/12/23",102,716.5041
"2018/12/24",71,498.74305
"2018/12/25",64,449.5712
"2018/12/26",74,519.8167
"2018/12/27",111,779.72505
"2018/12/28",100,702.455
"2018/12/29",91,639.23405
"2018/12/30",105,737.57775
"2018/12/31",91,639.23405
"2019/01/01",73,515.20261
"2019/01/02",98,691.64186
"2019/01/03",102,719.87214
"2019/01/04",88,621.06616
"2019/01/05",98,691.64186
"2019/01/06",89,628.12373
"2019/01/07",106,748.10242
"2019/01/08",89,628.12373
"2019/01/09",81,571.66317
"2019/01/10",102,719.87214
"2019/01/11",83,585.77831
"2019/01/12",103,726.92971
"2019/01/13",62,437.56934
"2019/01/14",59,416.39663
"2019/01/15",86,606.95102
"2019/01/16",93,656.35401
"2019/01/17",89,628.12373
"2019/01/18",76,536.37532
"2019/01/19",73,515.20261
"2019/01/20",96,677.52672
"2019/01/21",95,670.46915
"2019/01/22",110,776.3327
"2019/01/23",101,712.81457
"2019/01/24",107,755.15999
"2019/01/25",110,776.3327
"2019/01/26",85,599.89345
"2019/01/27",71,501.08747
"2019/01/28",73,515.20261
"2019/01/29",87,614.00859
"2019/01/30",70,494.0299
"2019/01/31",67,472.85719
"2019/02/01",67,472.85719
"2019/02/02",54,381.10878
"2019/02/03",77,543.43289
"2019/02/04",85,599.89345
"2019/02/05",88,621.06616
"2019/02/06",96,677.52672
"2019/02/07",94,663.41158
"2019/02/08",82,578.72074
"2019/02/09",132,931.59924
"2019/02/10",65,458.74205
"2019/02/11",77,543.43289
"2019/02/12",76,536.37532
"2019/02/13",100,705.757
"2019/02/14",103,726.92971
"2019/02/15",95,670.46915
"2019/02/16",96,677.52672
"2019/02/17",67,472.85719
"2019/02/18",85,599.89345
"2019/02/19",78,550.49046
"2019/02/20",65,458.74205
"2019/02/21",54,381.10878
"2019/02/22",86,606.95102
"2019/02/23",93,656.35401
"2019/02/24",60,423.4542
"2019/02/25",80,564.6056
"2019/02/26",91,642.23887
"2019/02/27",88,621.06616
"2019/02/28",74,522.26018
"2019/03/01",82,578.72074
"2019/03/02",64,451.68448
"2019/03/03",78,550.49046
"2019/03/04",72,508.14504
"2019/03/05",81,571.66317
"2019/03/06",85,599.89345
"2019/03/07",68,479.91476
"2019/03/08",77,543.43289
"2019/03/09",74,522.26018
"2019/03/10",77,543.43289
"2019/03/11",75,529.31775
"2019/03/12",81,571.66317
"2019/03/13",71,501.08747
"2019/03/14",69,486.97233
"2019/03/15",81,571.66317
"2019/03/16",86,606.95102
"2019/03/17",80,564.6056
"2019/03/18",82,578.72074
"2019/03/19",96,677.52672
"2019/03/20",77,543.43289
"2019/03/21",71,501.08747
"2019/03/22",67,472.85719
"2019/03/23",89,628.12373
"2019/03/24",87,614.00859
"2019/03/25",79,557.54803
"2019/03/26",89,628.12373
"2019/03/27",100,705.757
"2019/03/28",69,486.97233
"2019/03/29",87,614.00859
"2019/03/30",78,550.49046
"2019/03/31",79,557.54803
"2019/04/01",81,571.66317
"2019/04/02",86,606.95102
"2019/04/03",76,536.37532
"2019/04/04",73,515.20261
"2019/04/05",90,635.1813
"2019/04/06",87,614.00859
"2019/04/07",76,536.37532
"2019/04/08",95,670.46915
"2019/04/09",96,677.52672
"2019/04/10",87,614.00859
"2019/04/11",77,543.43289
"2019/04/12",81,571.66317
"2019/04/13",69,486.97233
"2019/04/14",87,614.00859
"2019/04/15",88,621.06616
"2019/04/16",90,635.1813
"2019/04/17",92,649.29644
"2019/04/18",90,635.1813
"2019/04/19",81,571.66317
"2019/04/20",81,571.66317
"2019/04/21",83,585.77831
"2019/04/22",100,705.757
"2019/04/23",85,599.89345
"2019/04/24",89,628.12373
"2019/04/25",95,670.46915
"2019/04/26",95,670.46915
"2019/04/27",77,543.43289
"2019/04/28",87,614.00859
"2019/04/29",89,628.12373
"2019/04/30",75,529.31775
"2019/05/01",83,585.77831
"2019/05/02",67,472.85719
"2019/05/03",81,571.66317
"2019/05/04",75,529.31775
"2019/05/05",75,529.31775
"2019/05/06",74,522.26018
"2019/05/07",107,755.15999
"2019/05/08",87,614.00859
"2019/05/09",80,564.6056
"2019/05/10",93,656.35401
"2019/05/11",81,571.66317
"2019/05/12",72,508.14504
"2019/05/13",68,479.91476
"2019/05/14",79,557.54803
"2019/05/15",100,705.757
"2019/05/16",81,571.66317
"2019/05/17",87,614.00859
"2019/05/18",89,628.12373
"2019/05/19",87,614.00859
"2019/05/20",84,592.83588
"2019/05/21",86,606.95102
"2019/05/22",115,811.62055
"2019/05/23",104,733.98728
"2019/05/24",104,733.98728
"2019/05/25",95,670.46915
"2019/05/26",75,529.31775
"2019/05/27",84,592.83588
"2019/05/28",93,656.35401
"2019/05/29",116,818.67812
"2019/05/30",118,832.79326
"2019/05/31",92,649.29644
"2019/06/01",77,543.43289
"2019/06/02",89,628.12373
"2019/06/03",91,642.23887
"2019/06/04",77,543.43289
"2019/06/05",104,733.98728
"2019/06/06",74,522.26018
"2019/06/07",98,691.64186
"2019/06/08",83,585.77831
"2019/06/09",108,762.21756
"2019/06/10",100,705.757
"2019/06/11",94,663.41158
"2019/06/12",105,741.04485
"2019/06/13",86,606.95102
"2019/06/14",102,719.87214
"2019/06/15",81,571.66317
"2019/06/16",110,776.3327
"2019/06/17",84,592.83588
"2019/06/18",100,705.757
"2019/06/19",104,733.98728
"2019/06/20",108,762.21756
"2019/06/21",96,677.52672
"2019/06/22",104,733.98728
"2019/06/23",89,628.12373
"2019/06/24",96,677.52672
"2019/06/25",122,861.02354
"2019/06/26",101,712.81457
"2019/06/27",85,599.89345
"2019/06/28",111,783.39027
"2019/06/29",113,797.50541
"2019/06/30",77,543.43289
"2019/07/01",79,557.54803
"2019/07/02",85,599.89345
"2019/07/03",74,522.26018
"2019/07/04",74,522.26018
"2019/07/05",89,628.12373
"2019/07/06",102,719.87214
"2019/07/07",73,515.20261
"2019/07/08",108,762.21756
"2019/07/09",101,712.81457
"2019/07/10",88,621.06616
"2019/07/11",98,691.64186
"2019/07/12",87,614.00859
"2019/07/13",83,585.77831
"2019/07/14",107,755.15999
"2019/07/15",107,755.15999
"2019/07/16",99,698.69943
"2019/07/17",104,733.98728
"2019/07/18",90,635.1813
"2019/07/19",79,557.54803
"2019/07/20",105,741.04485
"2019/07/21",82,578.72074
"2019/07/22",90,635.1813
"2019/07/23",114,804.56298
"2019/07/24",108,762.21756
"2019/07/25",120,846.9084
"2019/07/26",101,712.81457
"2019/07/27",134,945.71438
"2019/07/28",105,741.04485
"2019/07/29",125,882.19625
"2019/07/30",107,755.15999
"2019/07/31",116,818.67812
"2019/08/01",101,712.81457
"2019/08/02",86,606.95102
"2019/08/03",86,606.95102
"2019/08/04",91,642.23887
"2019/08/05",103,726.92971
"2019/08/06",116,818.67812
"2019/08/07",102,719.87214
"2019/08/08",113,797.50541
"2019/08/09",105,741.04485
"2019/08/10",86,606.95102
"2019/08/11",89,628.12373
"2019/08/12",105,741.04485
"2019/08/13",107,755.15999
"2019/08/14",98,691.64186
"2019/08/15",111,783.39027
"2019/08/16",97,684.58429
"2019/08/17",140,988.0598
"2019/08/18",92,649.29644
"2019/08/19",94,663.41158
"2019/08/20",97,684.58429
"2019/08/21",96,677.52672
"2019/08/22",104,733.98728
"2019/08/23",108,762.21756
"2019/08/24",101,712.81457
"2019/08/25",99,698.69943
"2019/08/26",96,677.52672
"2019/08/27",87,614.00859
"2019/08/28",102,719.87214
"2019/08/29",94,663.41158
"2019/08/30",96,677.52672
"2019/08/31",100,705.757
"2019/09/01",94,663.41158
"2019/09/02",100,705.757
"2019/09/03",105,741.04485
"2019/09/04",100,705.757
"2019/09/05",96,677.52672
"2019/09/06",98,691.64186
"2019/09/07",110,776.3327
"2019/09/08",105,741.04485
"2019/09/09",82,578.72074
"2019/09/10",94,663.41158
"2019/09/11",99,698.69943
"2019/09/12",105,741.04485
"2019/09/13",111,783.39027
"2019/09/14",108,762.21756
"2019/09/15",125,882.19625
"2019/09/16",100,705.757
"2019/09/17",106,748.10242
"2019/09/18",103,726.92971
"2019/09/19",98,691.64186
"2019/09/20",88,621.06616
"2019/09/21",126,889.25382
"2019/09/22",93,656.35401
"2019/09/23",115,811.62055
"2019/09/24",87,614.00859
"2019/09/25",104,733.98728
"2019/09/26",90,635.1813
"2019/09/27",107,755.15999
"2019/09/28",99,698.69943
"2019/09/29",118,832.79326
"2019/09/30",95,670.46915
"2019/10/01",94,663.41158
"2019/10/02",97,684.58429
"2019/10/03",93,656.35401
"2019/10/04",89,628.12373
"2019/10/05",102,719.87214
"2019/10/06",88,621.06616
"2019/10/07",107,755.15999
"2019/10/08",104,733.98728
"2019/10/09",96,677.52672
"2019/10/10",104,733.98728
"2019/10/11",115,811.62055
"2019/10/12",137,966.88709
"2019/10/13",128,903.36896
"2019/10/14",117,825.73569
"2019/10/15",100,705.757
"2019/10/16",81,571.66317
"2019/10/17",78,550.49046
"2019/10/18",102,719.87214
"2019/10/19",106,748.10242
"2019/10/20",83,585.77831
"2019/10/21",96,677.52672
"2019/10/22",111,783.39027
"2019/10/23",85,599.89345
"2019/10/24",125,882.19625
"2019/10/25",149,1051.57793
"2019/10/26",108,762.21756
"2019/10/27",102,719.87214
"2019/10/28",103,726.92971
"2019/10/29",109,769.27513
"2019/10/30",102,719.87214
"2019/10/31",100,705.757
"2019/11/01",114,804.56298
"2019/11/02",92,649.29644
"2019/11/03",91,642.23887
"2019/11/04",103,726.92971
"2019/11/05",101,712.81457
"2019/11/06",98,691.64186
"2019/11/07",88,621.06616
"2019/11/08",88,621.06616
"2019/11/09",79,557.54803
"2019/11/10",87,614.00859
"2019/11/11",114,804.56298
"2019/11/12",104,733.98728
"2019/11/13",99,698.69943
"2019/11/14",98,691.64186
"2019/11/15",105,741.04485
"2019/11/16",105,741.04485
"2019/11/17",115,811.62055
"2019/11/18",96,677.52672
"2019/11/19",104,733.98728
"2019/11/20",107,755.15999
"2019/11/21",105,741.04485
"2019/11/22",108,762.21756
"2019/11/23",121,853.96597
"2019/11/24",91,642.23887
"2019/11/25",108,762.21756
"2019/11/26",95,670.46915
"2019/11/27",103,726.92971
"2019/11/28",66,465.79962
"2019/11/29",53,374.05121
"2019/11/30",86,606.95102
"2019/12/01",76,536.37532
"2019/12/02",111,783.39027
"2019/12/03",104,733.98728
"2019/12/04",102,719.87214
"2019/12/05",86,606.95102
"2019/12/06",97,684.58429
"2019/12/07",106,748.10242
"2019/12/08",119,839.85083
"2019/12/09",110,776.3327
"2019/12/10",95,670.46915
"2019/12/11",102,719.87214
"2019/12/12",88,621.06616
"2019/12/13",108,762.21756
"2019/12/14",112,790.44784
"2019/12/15",102,719.87214
"2019/12/16",89,628.12373
"2019/12/17",111,783.39027
"2019/12/18",95,670.46915
"2019/12/19",87,614.00859
"2019/12/20",85,599.89345
"2019/12/21",109,769.27513
"2019/12/22",103,726.92971
"2019/12/23",102,719.87214
"2019/12/24",89,628.12373
"2019/12/25",48,338.76336
"2019/12/26",50,352.8785
"2019/12/27",63,444.62691
"2019/12/28",110,776.3327
"2019/12/29",110,776.3327
"2019/12/30",93,656.35401
"2019/12/31",90,635.1813
"2020/01/01",45,310.29525
"2020/01/02",74,510.2633
"2020/01/03",91,627.48595
"2020/01/04",78,537.8451
"2020/01/05",87,599.90415
"2020/01/06",73,503.36785
"2020/01/07",85,586.11325
"2020/01/08",85,586.11325
"2020/01/09",85,586.11325
"2020/01/10",79,544.74055
"2020/01/11",99,682.64955
"2020/01/12",91,627.48595
"2020/01/13",98,675.7541
"2020/01/14",91,627.48595
"2020/01/15",94,648.1723
"2020/01/16",106,730.9177
"2020/01/17",96,661.9632
"2020/01/18",85,586.11325
"2020/01/19",82,565.4269
"2020/01/20",86,593.0087
"2020/01/21",103,710.23135
"2020/01/22",105,724.02225
"2020/01/23",110,758.4995
"2020/01/24",112,772.2904
"2020/01/25",121,834.34945
"2020/01/26",145,999.84025
"2020/01/27",114,786.0813
"2020/01/28",122,841.2449
"2020/01/29",100,689.545
"2020/01/30",109,751.60405
"2020/01/31",88,606.7996
"2020/02/01",79,544.74055
"2020/02/02",67,461.99515
"2020/02/03",78,537.8451
"2020/02/04",83,572.32235
"2020/02/05",86,593.0087
"2020/02/06",115,792.97675
"2020/02/07",97,668.85865
"2020/02/08",79,544.74055
"2020/02/09",92,634.3814
"2020/02/10",98,675.7541
"2020/02/11",87,599.90415
"2020/02/12",83,572.32235
"2020/02/13",112,772.2904
"2020/02/14",92,634.3814
"2020/02/15",88,606.7996
"2020/02/16",79,544.74055
"2020/02/17",84,579.2178
"2020/02/18",88,606.7996
"2020/02/19",92,634.3814
"2020/02/20",95,655.06775
"2020/02/21",82,565.4269
"2020/02/22",69,475.78605
"2020/02/23",82,565.4269
"2020/02/24",101,696.44045
"2020/02/25",84,579.2178
"2020/02/26",100,689.545
"2020/02/27",79,544.74055
"2020/02/28",89,613.69505
"2020/02/29",77,530.94965
"2020/03/01",83,572.32235
"2020/03/02",86,593.0087
"2020/03/03",85,586.11325
"2020/03/04",67,461.99515
"2020/03/05",91,627.48595
"2020/03/06",77,530.94965
"2020/03/07",84,579.2178
"2020/03/08",64,441.3088
"2020/03/09",91,627.48595
"2020/03/10",88,606.7996
"2020/03/11",92,634.3814
"2020/03/12",76,524.0542
"2020/03/13",80,551.636
"2020/03/14",107,737.81315
"2020/03/15",88,606.7996
"2020/03/16",84,579.2178
"2020/03/17",58,399.9361
"2020/03/18",71,489.57695
"2020/03/19",46,317.1907
"2020/03/20",66,455.0997
"2020/03/21",48,330.9816
"2020/03/22",43,296.50435
"2020/03/23",55,379.24975
"2020/03/24",63,434.41335
"2020/03/25",63,434.41335
"2020/03/26",65,448.20425
"2020/03/27",52,358.5634
"2020/03/28",43,296.50435
"2020/03/29",56,386.1452
"2020/03/30",70,482.6815
"2020/03/31",58,399.9361
"2020/04/01",54,372.3543
"2020/04/02",44,303.3998
"2020/04/03",39,268.92255
"2020/04/04",53,365.45885
"2020/04/05",40,275.818
"2020/04/06",71,489.57695
"2020/04/07",52,358.5634
"2020/04/08",56,386.1452
"2020/04/09",46,317.1907
"2020/04/10",47,324.08615
"2020/04/11",57,393.04065
"2020/04/12",52,358.5634
"2020/04/13",43,296.50435
"2020/04/14",66,455.0997
"2020/04/15",54,372.3543
"2020/04/16",60,413.727
"2020/04/17",45,310.29525
"2020/04/18",34,234.4453
"2020/04/19",49,337.87705
"2020/04/20",51,351.66795
"2020/04/21",58,399.9361
"2020/04/22",73,503.36785
"2020/04/23",75,517.15875
"2020/04/24",67,461.99515
"2020/04/25",62,427.5179
"2020/04/26",43,296.50435
"2020/04/27",53,365.45885
"2020/04/28",69,475.78605
"2020/04/29",79,544.74055
"2020/04/30",60,413.727
"2020/05/01",50,344.7725
"2020/05/02",41,282.71345
"2020/05/03",35,241.34075
"2020/05/04",68,468.8906
"2020/05/05",70,482.6815
"2020/05/06",56,386.1452
"2020/05/07",44,303.3998
"2020/05/08",65,448.20425
"2020/05/09",48,330.9816
"2020/05/10",63,434.41335
"2020/05/11",48,330.9816
"2020/05/12",50,344.7725
"2020/05/13",48,330.9816
"2020/05/14",58,399.9361
"2020/05/15",46,317.1907
"2020/05/16",61,420.62245
"2020/05/17",49,337.87705
"2020/05/18",67,461.99515
"2020/05/19",65,448.20425
"2020/05/20",91,627.48595
"2020/05/21",67,461.99515
"2020/05/22",69,475.78605
"2020/05/23",50,344.7725
"2020/05/24",57,393.04065
"2020/05/25",50,344.7725
"2020/05/26",65,448.20425
"2020/05/27",67,461.99515
"2020/05/28",72,496.4724
"2020/05/29",77,530.94965
"2020/05/30",46,317.1907
"2020/05/31",88,606.7996
"2020/06/01",191,1317.03095
"2020/06/02",108,744.7086
"2020/06/03",91,627.48595
"2020/06/04",89,613.69505
"2020/06/05",67,461.99515
"2020/06/06",49,337.87705
"2020/06/07",64,441.3088
"2020/06/08",87,599.90415
"2020/06/09",75,517.15875
"2020/06/10",88,606.7996
"2020/06/11",89,613.69505
"2020/06/12",58,399.9361
"2020/06/13",61,420.62245
"2020/06/14",80,551.636
"2020/06/15",74,510.2633
"2020/06/16",85,586.11325
"2020/06/17",62,427.5179
"2020/06/18",52,358.5634
"2020/06/19",50,344.7725
"2020/06/20",56,386.1452
"2020/06/21",60,413.727
"2020/06/22",75,517.15875
"2020/06/23",80,551.636
"2020/06/24",72,496.4724
"2020/06/25",78,537.8451
"2020/06/26",56,386.1452
"2020/06/27",58,399.9361
"2020/06/28",67,461.99515
"2020/06/29",75,517.15875
"2020/06/30",78,537.8451
"2020/07/01",65,448.20425
"2020/07/02",54,372.3543
"2020/07/03",62,427.5179
"2020/07/04",57,393.04065
"2020/07/05",53,365.45885
"2020/07/06",64,441.3088
"2020/07/07",72,496.4724
"2020/07/08",92,634.3814
"2020/07/09",54,372.3543
"2020/07/10",66,455.0997
"2020/07/11",66,455.0997
"2020/07/12",64,441.3088
"2020/07/13",54,372.3543
"2020/07/14",73,503.36785
"2020/07/15",78,537.8451
"2020/07/16",74,510.2633
"2020/07/17",60,413.727
"2020/07/18",69,475.78605
"2020/07/19",69,475.78605
"2020/07/20",73,503.36785
"2020/07/21",77,530.94965
"2020/07/22",63,434.41335
"2020/07/23",64,441.3088
"2020/07/24",72,496.4724
"2020/07/25",64,441.3088
"2020/07/26",69,475.78605
"2020/07/27",75,517.15875
"2020/07/28",102,703.3359
"2020/07/29",99,682.64955
"2020/07/30",70,482.6815
"2020/07/31",59,406.83155
"2020/08/01",60,413.727
"2020/08/02",76,524.0542
"2020/08/03",81,558.53145
"2020/08/04",80,551.636
"2020/08/05",91,627.48595
"2020/08/06",70,482.6815
"2020/08/07",81,558.53145
"2020/08/08",88,606.7996
"2020/08/09",92,634.3814
"2020/08/10",98,675.7541
"2020/08/11",71,489.57695
"2020/08/12",73,503.36785
"2020/08/13",79,544.74055
"2020/08/14",51,351.66795
"2020/08/15",69,475.78605
"2020/08/16",70,482.6815
"2020/08/17",73,503.36785
"2020/08/18",71,489.57695
"2020/08/19",83,572.32235
"2020/08/20",88,606.7996
"2020/08/21",73,503.36785
"2020/08/22",72,496.4724
"2020/08/23",79,544.74055
"2020/08/24",87,599.90415
"2020/08/25",77,530.94965
"2020/08/26",86,593.0087
"2020/08/27",98,675.7541
"2020/08/28",76,524.0542
"2020/08/29",68,468.8906
"2020/08/30",79,544.74055
"2020/08/31",91,627.48595
"2020/09/01",87,599.90415
"2020/09/02",75,517.15875
"2020/09/03",64,441.3088
"2020/09/04",59,406.83155
"2020/09/05",100,689.545
"2020/09/06",77,530.94965
"2020/09/07",91,627.48595
"2020/09/08",95,655.06775
"2020/09/09",77,530.94965
"2020/09/10",72,496.4724
"2020/09/11",71,489.57695
"2020/09/12",94,648.1723
"2020/09/13",97,668.85865
"2020/09/14",69,475.78605
"2020/09/15",92,634.3814
"2020/09/16",123,848.14035
"2020/09/17",82,565.4269
"2020/09/18",80,551.636
"2020/09/19",65,448.20425
"2020/09/20",72,496.4724
"2020/09/21",99,682.64955
"2020/09/22",106,730.9177
"2020/09/23",103,710.23135
"2020/09/24",85,586.11325
"2020/09/25",86,593.0087
"2020/09/26",79,544.74055
"2020/09/27",84,579.2178
"2020/09/28",95,655.06775
"2020/09/29",102,703.3359
"2020/09/30",91,627.48595
"2020/10/01",87,599.90415
"2020/10/02",79,544.74055
"2020/10/03",68,468.8906
"2020/10/04",85,586.11325
"2020/10/05",83,572.32235
"2020/10/06",82,565.4269
"2020/10/07",86,593.0087
"2020/10/08",77,530.94965
"2020/10/09",72,496.4724
"2020/10/10",91,627.48595
"2020/10/11",97,668.85865
"2020/10/12",110,758.4995
"2020/10/13",79,544.74055
"2020/10/14",85,586.11325
"2020/10/15",91,627.48595
"2020/10/16",59,406.83155
"2020/10/17",72,496.4724
"2020/10/18",82,565.4269
"2020/10/19",107,737.81315
"2020/10/20",90,620.5905
"2020/10/21",83,572.32235
"2020/10/22",98,675.7541
"2020/10/23",83,572.32235
"2020/10/24",74,510.2633
"2020/10/25",67,461.99515
"2020/10/26",78,537.8451
"2020/10/27",84,579.2178
"2020/10/28",73,503.36785
"2020/10/29",92,634.3814
"2020/10/30",68,468.8906
"2020/10/31",80,551.636
"2020/11/01",70,482.6815
"2020/11/02",74,510.2633
"2020/11/03",66,455.0997
"2020/11/04",89,613.69505
"2020/11/05",90,620.5905
"2020/11/06",80,551.636
"2020/11/07",73,503.36785
"2020/11/08",79,544.74055
"2020/11/09",101,696.44045
"2020/11/10",102,703.3359
"2020/11/11",78,537.8451
"2020/11/12",79,544.74055
"2020/11/13",70,482.6815
"2020/11/14",91,627.48595
"2020/11/15",72,496.4724
"2020/11/16",89,613.69505
"2020/11/17",94,648.1723
"2020/11/18",77,530.94965
"2020/11/19",76,524.0542
"2020/11/20",90,620.5905
"2020/11/21",91,627.48595
"2020/11/22",77,530.94965
"2020/11/23",73,503.36785
"2020/11/24",78,537.8451
"2020/11/25",80,551.636
"2020/11/26",65,448.20425
"2020/11/27",81,558.53145
"2020/11/28",86,593.0087
"2020/11/29",66,455.0997
"2020/11/30",85,586.11325
"2020/12/01",104,717.1268
"2020/12/02",90,620.5905
"2020/12/03",93,641.27685
"2020/12/04",72,496.4724
"2020/12/05",70,482.6815
"2020/12/06",76,524.0542
"2020/12/07",76,524.0542
"2020/12/08",88,606.7996
"2020/12/09",86,593.0087
"2020/12/10",71,489.57695
"2020/12/11",88,606.7996
"2020/12/12",82,565.4269
"2020/12/13",60,413.727
"2020/12/14",67,461.99515
"2020/12/15",89,613.69505
"2020/12/16",73,503.36785
"2020/12/17",74,510.2633
"2020/12/18",79,544.74055
"2020/12/19",78,537.8451
"2020/12/20",90,620.5905
"2020/12/21",93,641.27685
"2020/12/22",90,620.5905
"2020/12/23",69,475.78605
"2020/12/24",62,427.5179
"2020/12/25",34,234.4453
"2020/12/26",46,317.1907
"2020/12/27",61,420.62245
"2020/12/28",83,572.32235
"2020/12/29",84,579.2178
"2020/12/30",63,434.41335
"2020/12/31",61,420.62245
"2021/01/01",30,201.015
"2021/01/02",67,448.9335
"2021/01/03",88,589.644
"2021/01/04",61,408.7305
"2021/01/05",71,475.7355
"2021/01/06",82,549.441
"2021/01/07",59,395.3295
"2021/01/08",65,435.5325
"2021/01/09",74,495.837
"2021/01/10",59,395.3295
"2021/01/11",65,435.5325
"2021/01/12",68,455.634
"2021/01/13",81,542.7405
"2021/01/14",45,301.5225
"2021/01/15",77,515.9385
"2021/01/16",84,562.842
"2021/01/17",68,455.634
"2021/01/18",51,341.7255
"2021/01/19",63,422.1315
"2021/01/20",71,475.7355
"2021/01/21",63,422.1315
"2021/01/22",77,515.9385
"2021/01/23",69,462.3345
"2021/01/24",65,435.5325
"2021/01/25",97,649.9485
"2021/01/26",85,569.5425
"2021/01/27",89,596.3445
"2021/01/28",59,395.3295
"2021/01/29",68,455.634
"2021/01/30",51,341.7255
"2021/01/31",51,341.7255
"2021/02/01",42,281.421
"2021/02/02",55,368.5275
"2021/02/03",70,469.035
"2021/02/04",85,569.5425
"2021/02/05",59,395.3295
"2021/02/06",54,361.827
"2021/02/07",65,435.5325
"2021/02/08",67,448.9335
"2021/02/09",83,556.1415
"2021/02/10",61,408.7305
"2021/02/11",63,422.1315
"2021/02/12",55,368.5275
"2021/02/13",62,415.431
"2021/02/14",55,368.5275
"2021/02/15",80,536.04
"2021/02/16",59,395.3295
"2021/02/17",72,482.436
"2021/02/18",55,368.5275
"2021/02/19",56,375.228
"2021/02/20",55,368.5275
"2021/02/21",64,428.832
"2021/02/22",51,341.7255
"2021/02/23",62,415.431
"2021/02/24",65,435.5325
"2021/02/25",77,515.9385
"2021/02/26",56,375.228
"2021/02/27",62,415.431
"2021/02/28",53,355.1265
"2021/03/01",73,489.1365
"2021/03/02",71,475.7355
"2021/03/03",66,442.233
"2021/03/04",59,395.3295
"2021/03/05",64,428.832
"2021/03/06",60,402.03
"2021/03/07",62,415.431
"2021/03/08",73,489.1365
"2021/03/09",67,448.9335
"2021/03/10",56,375.228
"2021/03/11",61,408.7305
"2021/03/12",75,502.5375
"2021/03/13",70,469.035
"2021/03/14",57,381.9285
"2021/03/15",61,408.7305
"2021/03/16",71,475.7355
"2021/03/17",72,482.436
"2021/03/18",47,314.9235
"2021/03/19",60,402.03
"2021/03/20",50,335.025
"2021/03/21",60,402.03
"2021/03/22",52,348.426
"2021/03/23",48,321.624
"2021/03/24",72,482.436
"2021/03/25",51,341.7255
"2021/03/26",42,281.421
"2021/03/27",53,355.1265
"2021/03/28",63,422.1315
"2021/03/29",54,361.827
"2021/03/30",52,348.426
"2021/03/31",68,455.634
"2021/04/01",54,361.827
"2021/04/02",53,355.1265
"2021/04/03",53,355.1265
"2021/04/04",46,308.223
"2021/04/05",67,448.9335
"2021/04/06",67,448.9335
"2021/04/07",84,562.842
"2021/04/08",58,388.629
"2021/04/09",55,368.5275
"2021/04/10",49,328.3245
"2021/04/11",58,388.629
"2021/04/12",73,489.1365
"2021/04/13",73,489.1365
"2021/04/14",55,368.5275
"2021/04/15",63,422.1315
"2021/04/16",50,335.025
"2021/04/17",51,341.7255
"2021/04/18",54,361.827
"2021/04/19",66,442.233
"2021/04/20",79,529.3395
"2021/04/21",64,428.832
"2021/04/22",56,375.228
"2021/04/23",69,462.3345
"2021/04/24",77,515.9385
"2021/04/25",46,308.223
"2021/04/26",78,522.639
"2021/04/27",69,462.3345
"2021/04/28",69,462.3345
"2021/04/29",42,281.421
"2021/04/30",90,603.045
"2021/05/01",57,381.9285
"2021/05/02",66,442.233
"2021/05/03",81,542.7405
"2021/05/04",84,562.842
"2021/05/05",63,422.1315
"2021/05/06",66,442.233
"2021/05/07",71,475.7355
"2021/05/08",68,455.634
"2021/05/09",73,489.1365
"2021/05/10",83,556.1415
"2021/05/11",89,596.3445
"2021/05/12",84,562.842
"2021/05/13",64,428.832
"2021/05/14",81,542.7405
"2021/05/15",58,388.629
"2021/05/16",84,562.842
"2021/05/17",92,616.446
"2021/05/18",78,522.639
"2021/05/19",93,623.1465
"2021/05/20",76,509.238
"2021/05/21",75,502.5375
"2021/05/22",56,375.228
"2021/05/23",76,509.238
"2021/05/24",105,703.5525
"2021/05/25",110,737.055
"2021/05/26",99,663.3495
"2021/05/27",99,663.3495
"2021/05/28",88,589.644
"2021/05/29",69,462.3345
"2021/05/30",78,522.639
"2021/05/31",83,556.1415
"2021/06/01",89,596.3445
"2021/06/02",91,609.7455
"2021/06/03",80,536.04
"2021/06/04",62,415.431
"2021/06/05",81,542.7405
"2021/06/06",72,482.436
"2021/06/07",97,649.9485
"2021/06/08",75,502.5375
"2021/06/09",89,596.3445
"2021/06/10",80,536.04
"2021/06/11",63,422.1315
"2021/06/12",87,582.9435
"2021/06/13",79,529.3395
"2021/06/14",93,623.1465
"2021/06/15",70,469.035
"2021/06/16",97,649.9485
"2021/06/17",74,495.837
"2021/06/18",79,529.3395
"2021/06/19",94,629.847
"2021/06/20",71,475.7355
"2021/06/21",93,623.1465
"2021/06/22",88,589.644
"2021/06/23",78,522.639
"2021/06/24",72,482.436
"2021/06/25",76,509.238
"2021/06/26",81,542.7405
"2021/06/27",88,589.644
"2021/06/28",89,596.3445
"2021/06/29",114,763.857
"2021/06/30",102,683.451
"2021/07/01",119,797.3595
"2021/07/02",82,549.441
"2021/07/03",83,556.1415
"2021/07/04",72,482.436
"2021/07/05",64,428.832
"2021/07/06",100,670.05
"2021/07/07",108,723.654
"2021/07/08",82,549.441
"2021/07/09",77,515.9385
"2021/07/10",77,515.9385
"2021/07/11",91,609.7455
"2021/07/12",86,576.243
"2021/07/13",98,656.649
"2021/07/14",107,716.9535
"2021/07/15",73,489.1365
"2021/07/16",103,690.1515
"2021/07/17",88,589.644
"2021/07/18",87,582.9435
"2021/07/19",99,663.3495
"2021/07/20",77,515.9385
"2021/07/21",106,710.253
"2021/07/22",76,509.238
"2021/07/23",78,522.639
"2021/07/24",64,428.832
"2021/07/25",87,582.9435
"2021/07/26",85,569.5425
"2021/07/27",84,562.842
"2021/07/28",86,576.243
"2021/07/29",74,495.837
"2021/07/30",74,495.837
"2021/07/31",82,549.441
"2021/08/01",73,489.1365
"2021/08/02",75,502.5375
"2021/08/03",85,569.5425
"2021/08/04",96,643.248
"2021/08/05",64,428.832
"2021/08/06",74,495.837
"2021/08/07",80,536.04
"2021/08/08",85,569.5425
"2021/08/09",91,609.7455
"2021/08/10",106,710.253
"2021/08/11",87,582.9435
"2021/08/12",86,576.243
"2021/08/13",82,549.441
"2021/08/14",61,408.7305
"2021/08/15",73,489.1365
"2021/08/16",74,495.837
"2021/08/17",84,562.842
"2021/08/18",83,556.1415
"2021/08/19",96,643.248
"2021/08/20",89,596.3445
"2021/08/21",82,549.441
"2021/08/22",80,536.04
"2021/08/23",90,603.045
"2021/08/24",99,663.3495
"2021/08/25",95,636.5475
"2021/08/26",80,536.04
"2021/08/27",87,582.9435
"2021/08/28",115,770.5575
"2021/08/29",74,495.837
"2021/08/30",88,589.644
"2021/08/31",97,649.9485
"2021/09/01",101,676.7505
"2021/09/02",85,569.5425
"2021/09/03",84,562.842
"2021/09/04",86,576.243
"2021/09/05",73,489.1365
"2021/09/06",89,596.3445
"2021/09/07",100,670.05
"2021/09/08",103,690.1515
"2021/09/09",115,770.5575
"2021/09/10",113,757.1565
"2021/09/11",89,596.3445
"2021/09/12",91,609.7455
"2021/09/13",94,629.847
"2021/09/14",88,589.644
"2021/09/15",114,763.857
"2021/09/16",83,556.1415
"2021/09/17",78,522.639
"2021/09/18",90,603.045
"2021/09/19",86,576.243
"2021/09/20",104,696.852
"2021/09/21",111,743.7555
"2021/09/22",82,549.441
"2021/09/23",105,703.5525
"2021/09/24",83,556.1415
"2021/09/25",94,629.847
"2021/09/26",105,703.5525
"2021/09/27",104,696.852
"2021/09/28",91,609.7455
"2021/09/29",111,743.7555
"2021/09/30",98,656.649
"2021/10/01",105,703.5525
"2021/10/02",71,475.7355
"2021/10/03",80,536.04
"2021/10/04",88,589.644
"2021/10/05",105,703.5525
"2021/10/06",113,757.1565
"2021/10/07",114,763.857
"2021/10/08",109,730.3545
"2021/10/09",94,629.847
"2021/10/10",83,556.1415
"2021/10/11",102,683.451
"2021/10/12",123,824.1615
"2021/10/13",87,582.9435
"2021/10/14",90,603.045
"2021/10/15",95,636.5475
"2021/10/16",74,495.837
"2021/10/17",78,522.639
"2021/10/18",103,690.1515
"2021/10/19",106,710.253
"2021/10/20",92,616.446
"2021/10/21",96,643.248
"2021/10/22",87,582.9435
"2021/10/23",87,582.9435
"2021/10/24",74,495.837
"2021/10/25",116,777.258
"2021/10/26",97,649.9485
"2021/10/27",86,576.243
"2021/10/28",107,716.9535
"2021/10/29",67,448.9335
"2021/10/30",59,395.3295
"2021/10/31",68,455.634
"2021/11/01",110,737.055
"2021/11/02",91,609.7455
"2021/11/03",67,448.9335
"2021/11/04",84,562.842
"2021/11/05",72,482.436
"2021/11/06",77,515.9385
"2021/11/07",63,422.1315
"2021/11/08",95,636.5475
"2021/11/09",78,522.639
"2021/11/10",83,556.1415
"2021/11/11",88,589.644
"2021/11/12",89,596.3445
"2021/11/13",70,469.035
"2021/11/14",66,442.233
"2021/11/15",97,649.9485
"2021/11/16",80,536.04
"2021/11/17",72,482.436
"2021/11/18",99,663.3495
"2021/11/19",55,368.5275
"2021/11/20",71,475.7355
"2021/11/21",70,469.035
"2021/11/22",93,623.1465
"2021/11/23",75,502.5375
"2021/11/24",91,609.7455
"2021/11/25",59,395.3295
"2021/11/26",41,274.7205
"2021/11/27",78,522.639
"2021/11/28",64,428.832
"2021/11/29",73,489.1365
"2021/11/30",113,757.1565
"2021/12/01",86,576.243
"2021/12/02",80,536.04
"2021/12/03",93,623.1465
"2021/12/04",80,536.04
"2021/12/05",88,589.644
"2021/12/06",102,683.451
"2021/12/07",104,696.852
"2021/12/08",84,562.842
"2021/12/09",88,589.644
"2021/12/10",79,529.3395
"2021/12/11",71,475.7355
"2021/12/12",54,361.827
"2021/12/13",98,656.649
"2021/12/14",97,649.9485
"2021/12/15",101,676.7505
"2021/12/16",76,509.238
"2021/12/17",60,402.03
"2021/12/18",53,355.1265
"2021/12/19",66,442.233
"2021/12/20",85,569.5425
"2021/12/21",97,649.9485
"2021/12/22",66,442.233
"2021/12/23",62,415.431
"2021/12/24",63,422.1315
"2021/12/25",44,294.822
"2021/12/26",49,328.3245
"2021/12/27",80,536.04
"2021/12/28",84,562.842
"2021/12/29",75,502.5375
"2021/12/30",53,355.1265
"2021/12/31",72,482.436
